{"paths": {"admin/js/vendor/select2/i18n/af.js": "admin/js/vendor/select2/i18n/af.4f6fcd73488c.js", "admin/js/vendor/select2/i18n/ar.js": "admin/js/vendor/select2/i18n/ar.65aa8e36bf5d.js", "admin/js/vendor/select2/i18n/az.js": "admin/js/vendor/select2/i18n/az.270c257daf81.js", "admin/js/vendor/select2/i18n/bg.js": "admin/js/vendor/select2/i18n/bg.39b8be30d4f0.js", "admin/js/vendor/select2/i18n/bn.js": "admin/js/vendor/select2/i18n/bn.6d42b4dd5665.js", "admin/js/vendor/select2/i18n/bs.js": "admin/js/vendor/select2/i18n/bs.91624382358e.js", "admin/js/vendor/select2/i18n/ca.js": "admin/js/vendor/select2/i18n/ca.a166b745933a.js", "admin/js/vendor/select2/i18n/cs.js": "admin/js/vendor/select2/i18n/cs.4f43e8e7d33a.js", "admin/js/vendor/select2/i18n/da.js": "admin/js/vendor/select2/i18n/da.766346afe4dd.js", "admin/js/vendor/select2/i18n/de.js": "admin/js/vendor/select2/i18n/de.8a1c222b0204.js", "admin/js/vendor/select2/i18n/dsb.js": "admin/js/vendor/select2/i18n/dsb.56372c92d2f1.js", "admin/js/vendor/select2/i18n/el.js": "admin/js/vendor/select2/i18n/el.27097f071856.js", "admin/js/vendor/select2/i18n/en.js": "admin/js/vendor/select2/i18n/en.cf932ba09a98.js", "admin/js/vendor/select2/i18n/es.js": "admin/js/vendor/select2/i18n/es.66dbc2652fb1.js", "admin/js/vendor/select2/i18n/et.js": "admin/js/vendor/select2/i18n/et.2b96fd98289d.js", "admin/js/vendor/select2/i18n/eu.js": "admin/js/vendor/select2/i18n/eu.adfe5c97b72c.js", "admin/js/vendor/select2/i18n/fa.js": "admin/js/vendor/select2/i18n/fa.3b5bd1961cfd.js", "admin/js/vendor/select2/i18n/fi.js": "admin/js/vendor/select2/i18n/fi.614ec42aa9ba.js", "admin/js/vendor/select2/i18n/fr.js": "admin/js/vendor/select2/i18n/fr.05e0542fcfe6.js", "admin/js/vendor/select2/i18n/gl.js": "admin/js/vendor/select2/i18n/gl.d99b1fedaa86.js", "admin/js/vendor/select2/i18n/he.js": "admin/js/vendor/select2/i18n/he.e420ff6cd3ed.js", "admin/js/vendor/select2/i18n/hi.js": "admin/js/vendor/select2/i18n/hi.70640d41628f.js", "admin/js/vendor/select2/i18n/hr.js": "admin/js/vendor/select2/i18n/hr.a2b092cc1147.js", "admin/js/vendor/select2/i18n/hsb.js": "admin/js/vendor/select2/i18n/hsb.fa3b55265efe.js", "admin/js/vendor/select2/i18n/hu.js": "admin/js/vendor/select2/i18n/hu.6ec6039cb8a3.js", "admin/js/vendor/select2/i18n/hy.js": "admin/js/vendor/select2/i18n/hy.c7babaeef5a6.js", "admin/js/vendor/select2/i18n/id.js": "admin/js/vendor/select2/i18n/id.04debded514d.js", "admin/js/vendor/select2/i18n/is.js": "admin/js/vendor/select2/i18n/is.3ddd9a6a97e9.js", "admin/js/vendor/select2/i18n/it.js": "admin/js/vendor/select2/i18n/it.be4fe8d365b5.js", "admin/js/vendor/select2/i18n/ja.js": "admin/js/vendor/select2/i18n/ja.170ae885d74f.js", "admin/js/vendor/select2/i18n/ka.js": "admin/js/vendor/select2/i18n/ka.2083264a54f0.js", "admin/js/vendor/select2/i18n/km.js": "admin/js/vendor/select2/i18n/km.c23089cb06ca.js", "admin/js/vendor/select2/i18n/ko.js": "admin/js/vendor/select2/i18n/ko.e7be6c20e673.js", "admin/js/vendor/select2/i18n/lt.js": "admin/js/vendor/select2/i18n/lt.23c7ce903300.js", "admin/js/vendor/select2/i18n/lv.js": "admin/js/vendor/select2/i18n/lv.08e62128eac1.js", "admin/js/vendor/select2/i18n/mk.js": "admin/js/vendor/select2/i18n/mk.dabbb9087130.js", "admin/js/vendor/select2/i18n/ms.js": "admin/js/vendor/select2/i18n/ms.4ba82c9a51ce.js", "admin/js/vendor/select2/i18n/nb.js": "admin/js/vendor/select2/i18n/nb.da2fce143f27.js", "admin/js/vendor/select2/i18n/ne.js": "admin/js/vendor/select2/i18n/ne.3d79fd3f08db.js", "admin/js/vendor/select2/i18n/nl.js": "admin/js/vendor/select2/i18n/nl.997868a37ed8.js", "admin/js/vendor/select2/i18n/pl.js": "admin/js/vendor/select2/i18n/pl.6031b4f16452.js", "admin/js/vendor/select2/i18n/ps.js": "admin/js/vendor/select2/i18n/ps.38dfa47af9e0.js", "admin/js/vendor/select2/i18n/pt-BR.js": "admin/js/vendor/select2/i18n/pt-BR.e1b294433e7f.js", "admin/js/vendor/select2/i18n/pt.js": "admin/js/vendor/select2/i18n/pt.33b4a3b44d43.js", "admin/js/vendor/select2/i18n/ro.js": "admin/js/vendor/select2/i18n/ro.f75cb460ec3b.js", "admin/js/vendor/select2/i18n/ru.js": "admin/js/vendor/select2/i18n/ru.934aa95f5b5f.js", "admin/js/vendor/select2/i18n/sk.js": "admin/js/vendor/select2/i18n/sk.33d02cef8d11.js", "admin/js/vendor/select2/i18n/sl.js": "admin/js/vendor/select2/i18n/sl.131a78bc0752.js", "admin/js/vendor/select2/i18n/sq.js": "admin/js/vendor/select2/i18n/sq.5636b60d29c9.js", "admin/js/vendor/select2/i18n/sr-Cyrl.js": "admin/js/vendor/select2/i18n/sr-Cyrl.f254bb8c4c7c.js", "admin/js/vendor/select2/i18n/sr.js": "admin/js/vendor/select2/i18n/sr.5ed85a48f483.js", "admin/js/vendor/select2/i18n/sv.js": "admin/js/vendor/select2/i18n/sv.7a9c2f71e777.js", "admin/js/vendor/select2/i18n/th.js": "admin/js/vendor/select2/i18n/th.f38c20b0221b.js", "admin/js/vendor/select2/i18n/tk.js": "admin/js/vendor/select2/i18n/tk.7c572a68c78f.js", "admin/js/vendor/select2/i18n/tr.js": "admin/js/vendor/select2/i18n/tr.b5a0643d1545.js", "admin/js/vendor/select2/i18n/uk.js": "admin/js/vendor/select2/i18n/uk.8cede7f4803c.js", "admin/js/vendor/select2/i18n/vi.js": "admin/js/vendor/select2/i18n/vi.097a5b75b3e1.js", "admin/js/vendor/select2/i18n/zh-CN.js": "admin/js/vendor/select2/i18n/zh-CN.2cff662ec5f9.js", "admin/js/vendor/select2/i18n/zh-TW.js": "admin/js/vendor/select2/i18n/zh-TW.04554a227c2b.js", "admin/css/vendor/select2/LICENSE-SELECT2.md": "admin\\css\\vendor\\select2\\LICENSE-SELECT2.f94142512c91.md", "admin/css/vendor/select2/select2.css": "admin/css/vendor/select2/select2.a2194c262648.css", "admin/css/vendor/select2/select2.min.css": "admin/css/vendor/select2/select2.min.9f54e6414f87.css", "admin/js/vendor/jquery/jquery.js": "admin/js/vendor/jquery/jquery.2849239b95f5.js", "admin/js/vendor/jquery/jquery.min.js": "admin/js/vendor/jquery/jquery.min.8fb8fee4fcc3.js", "admin/js/vendor/jquery/LICENSE.txt": "admin\\js\\vendor\\jquery\\LICENSE.de877aa6d744.txt", "admin/js/vendor/select2/LICENSE.md": "admin\\js\\vendor\\select2\\LICENSE.f94142512c91.md", "admin/js/vendor/select2/select2.full.js": "admin/js/vendor/select2/select2.full.c2afdeda3058.js", "admin/js/vendor/select2/select2.full.min.js": "admin/js/vendor/select2/select2.full.min.fcd7500d8e13.js", "admin/js/vendor/xregexp/LICENSE.txt": "admin\\js\\vendor\\xregexp\\LICENSE.bf79e414957a.txt", "admin/js/vendor/xregexp/xregexp.js": "admin/js/vendor/xregexp/xregexp.efda034b9537.js", "admin/js/vendor/xregexp/xregexp.min.js": "admin/js/vendor/xregexp/xregexp.min.b0439563a5d3.js", "admin/img/gis/move_vertex_off.svg": "admin\\img\\gis\\move_vertex_off.7a23bf31ef8a.svg", "admin/img/gis/move_vertex_on.svg": "admin\\img\\gis\\move_vertex_on.0047eba25b67.svg", "admin/js/admin/DateTimeShortcuts.js": "admin/js/admin/DateTimeShortcuts.5548f99471bf.js", "admin/js/admin/RelatedObjectLookups.js": "admin/js/admin/RelatedObjectLookups.b4d76b6aaf0b.js", "rest_framework/docs/css/base.css": "rest_framework/docs/css/base.e630f8f4990e.css", "rest_framework/docs/css/highlight.css": "rest_framework/docs/css/highlight.e0e4d973c6d7.css", "rest_framework/docs/css/jquery.json-view.min.css": "rest_framework/docs/css/jquery.json-view.min.a2e6beeb6710.css", "rest_framework/docs/img/favicon.ico": "rest_framework\\docs\\img\\favicon.5195b4d0f3eb.ico", "rest_framework/docs/img/grid.png": "rest_framework\\docs\\img\\grid.a4b938cf382b.png", "rest_framework/docs/js/api.js": "rest_framework/docs/js/api.c9743eab7a4f.js", "rest_framework/docs/js/highlight.pack.js": "rest_framework/docs/js/highlight.pack.479b5f21dcba.js", "rest_framework/docs/js/jquery.json-view.min.js": "rest_framework/docs/js/jquery.json-view.min.b7c2d6981377.js", "admin/css/autocomplete.css": "admin/css/autocomplete.4a81fc4242d0.css", "admin/css/base.css": "admin/css/base.1f418065fc2c.css", "admin/css/changelists.css": "admin/css/changelists.cd4dd90ae1a1.css", "admin/css/dashboard.css": "admin/css/dashboard.be83f13e4369.css", "admin/css/fonts.css": "admin/css/fonts.168bab448fee.css", "admin/css/forms.css": "admin/css/forms.332ab41432e2.css", "admin/css/login.css": "admin/css/login.8b76a9f7cbf6.css", "admin/css/nav_sidebar.css": "admin/css/nav_sidebar.e32d345464bd.css", "admin/css/responsive.css": "admin/css/responsive.b9e1565b3609.css", "admin/css/responsive_rtl.css": "admin/css/responsive_rtl.e13ae754cceb.css", "admin/css/rtl.css": "admin/css/rtl.4bc23eb90919.css", "admin/css/widgets.css": "admin/css/widgets.694d845b2cb1.css", "admin/fonts/LICENSE.txt": "admin\\fonts\\LICENSE.d273d63619c9.txt", "admin/fonts/README.txt": "admin\\fonts\\README.ab99e6b541ea.txt", "admin/fonts/Roboto-Bold-webfont.woff": "admin\\fonts\\Roboto-Bold-webfont.50d75e48e0a3.woff", "admin/fonts/Roboto-Light-webfont.woff": "admin\\fonts\\Roboto-Light-webfont.c73eb1ceba33.woff", "admin/fonts/Roboto-Regular-webfont.woff": "admin\\fonts\\Roboto-Regular-webfont.35b07eb2f871.woff", "admin/img/calendar-icons.svg": "admin\\img\\calendar-icons.39b290681a8b.svg", "admin/img/icon-addlink.svg": "admin\\img\\icon-addlink.d519b3bab011.svg", "admin/img/icon-alert.svg": "admin\\img\\icon-alert.034cc7d8a67f.svg", "admin/img/icon-calendar.svg": "admin\\img\\icon-calendar.ac7aea671bea.svg", "admin/img/icon-changelink.svg": "admin\\img\\icon-changelink.18d2fd706348.svg", "admin/img/icon-clock.svg": "admin\\img\\icon-clock.e1d4dfac3f2b.svg", "admin/img/icon-deletelink.svg": "admin\\img\\icon-deletelink.564ef9dc3854.svg", "admin/img/icon-no.svg": "admin\\img\\icon-no.439e821418cd.svg", "admin/img/icon-unknown-alt.svg": "admin\\img\\icon-unknown-alt.81536e128bb6.svg", "admin/img/icon-unknown.svg": "admin\\img\\icon-unknown.a18cb4398978.svg", "admin/img/icon-viewlink.svg": "admin\\img\\icon-viewlink.41eb31f7826e.svg", "admin/img/icon-yes.svg": "admin\\img\\icon-yes.d2f9f035226a.svg", "admin/img/inline-delete.svg": "admin\\img\\inline-delete.fec1b761f254.svg", "admin/img/LICENSE": "admin\\img\\LICENSE.2c54f4e1ca1c", "admin/img/README.txt": "admin\\img\\README.a70711a38d87.txt", "admin/img/search.svg": "admin\\img\\search.7cf54ff789c6.svg", "admin/img/selector-icons.svg": "admin\\img\\selector-icons.b4555096cea2.svg", "admin/img/sorting-icons.svg": "admin\\img\\sorting-icons.3a097b59f104.svg", "admin/img/tooltag-add.svg": "admin\\img\\tooltag-add.e59d620a9742.svg", "admin/img/tooltag-arrowright.svg": "admin\\img\\tooltag-arrowright.bbfb788a849e.svg", "admin/js/actions.js": "admin/js/actions.eac7e3441574.js", "admin/js/autocomplete.js": "admin/js/autocomplete.c508b167ab61.js", "admin/js/calendar.js": "admin/js/calendar.f8a5d055eb33.js", "admin/js/cancel.js": "admin/js/cancel.ecc4c5ca7b32.js", "admin/js/change_form.js": "admin/js/change_form.9d8ca4f96b75.js", "admin/js/collapse.js": "admin/js/collapse.f84e7410290f.js", "admin/js/core.js": "admin/js/core.5d6b384a08b5.js", "admin/js/inlines.js": "admin/js/inlines.fb1617228dbe.js", "admin/js/jquery.init.js": "admin/js/jquery.init.b7781a0897fc.js", "admin/js/nav_sidebar.js": "admin/js/nav_sidebar.3535caba9444.js", "admin/js/popup_response.js": "admin/js/popup_response.c6cc78ea5551.js", "admin/js/prepopulate.js": "admin/js/prepopulate.bd2361dfd64d.js", "admin/js/prepopulate_init.js": "admin/js/prepopulate_init.e056047b7a7e.js", "admin/js/SelectBox.js": "admin/js/SelectBox.8161741c7647.js", "admin/js/SelectFilter2.js": "admin/js/SelectFilter2.d250dcb52a9a.js", "admin/js/urlify.js": "admin/js/urlify.25cc3eac8123.js", "rest_framework/css/bootstrap-theme.min.css": "rest_framework/css/bootstrap-theme.min.66b84a04375e.css", "rest_framework/css/bootstrap-tweaks.css": "rest_framework/css/bootstrap-tweaks.46ed116b0edd.css", "rest_framework/css/bootstrap.min.css": "rest_framework/css/bootstrap.min.77017a69879a.css", "rest_framework/css/default.css": "rest_framework/css/default.789dfb5732d7.css", "rest_framework/css/font-awesome-4.0.3.css": "rest_framework/css/font-awesome-4.0.3.c1e1ea213abf.css", "rest_framework/css/prettify.css": "rest_framework/css/prettify.a987f72342ee.css", "rest_framework/fonts/fontawesome-webfont.eot": "rest_framework\\fonts\\fontawesome-webfont.8b27bc96115c.eot", "rest_framework/fonts/fontawesome-webfont.svg": "rest_framework\\fonts\\fontawesome-webfont.83e37a11f9d7.svg", "rest_framework/fonts/fontawesome-webfont.ttf": "rest_framework\\fonts\\fontawesome-webfont.dcb26c7239d8.ttf", "rest_framework/fonts/fontawesome-webfont.woff": "rest_framework\\fonts\\fontawesome-webfont.3293616ec0c6.woff", "rest_framework/fonts/glyphicons-halflings-regular.eot": "rest_framework\\fonts\\glyphicons-halflings-regular.f4769f9bdb74.eot", "rest_framework/fonts/glyphicons-halflings-regular.svg": "rest_framework\\fonts\\glyphicons-halflings-regular.08eda92397ae.svg", "rest_framework/fonts/glyphicons-halflings-regular.ttf": "rest_framework\\fonts\\glyphicons-halflings-regular.e18bbf611f2a.ttf", "rest_framework/fonts/glyphicons-halflings-regular.woff": "rest_framework\\fonts\\glyphicons-halflings-regular.fa2772327f55.woff", "rest_framework/fonts/glyphicons-halflings-regular.woff2": "rest_framework\\fonts\\glyphicons-halflings-regular.448c34a56d69.woff2", "rest_framework/img/glyphicons-halflings-white.png": "rest_framework\\img\\glyphicons-halflings-white.9bbc6e960299.png", "rest_framework/img/glyphicons-halflings.png": "rest_framework\\img\\glyphicons-halflings.90233c9067e9.png", "rest_framework/img/grid.png": "rest_framework\\img\\grid.a4b938cf382b.png", "rest_framework/js/ajax-form.js": "rest_framework/js/ajax-form.0ea6e6052ab5.js", "rest_framework/js/bootstrap.min.js": "rest_framework/js/bootstrap.min.2f34b630ffe3.js", "rest_framework/js/coreapi-0.1.1.js": "rest_framework/js/coreapi-0.1.1.e580e3854595.js", "rest_framework/js/csrf.js": "rest_framework/js/csrf.969930007329.js", "rest_framework/js/default.js": "rest_framework/js/default.5b08897dbdc3.js", "rest_framework/js/jquery-3.5.1.min.js": "rest_framework/js/jquery-3.5.1.min.dc5e7f18c8d3.js", "rest_framework/js/prettify-min.js": "rest_framework/js/prettify-min.709bfcc456c6.js", "css/style.css": "css/style.ed4ee2771661.css", "flags/ad.gif": "flags\\ad.31b5aa72bb5c.gif", "flags/ae.gif": "flags\\ae.f3d1674bc792.gif", "flags/af.gif": "flags\\af.093aa02706e1.gif", "flags/ag.gif": "flags\\ag.1a05f3d4c997.gif", "flags/ai.gif": "flags\\ai.704ff18d12a2.gif", "flags/al.gif": "flags\\al.db6f1bcf110b.gif", "flags/am.gif": "flags\\am.28d4c0173a6e.gif", "flags/ao.gif": "flags\\ao.a96138e62f98.gif", "flags/aq.gif": "flags\\aq.2350c4bcc485.gif", "flags/ar.gif": "flags\\ar.0155716dc2c6.gif", "flags/as.gif": "flags\\as.543cd189b7da.gif", "flags/at.gif": "flags\\at.26402499225d.gif", "flags/au.gif": "flags\\au.0abdbcb7285a.gif", "flags/aw.gif": "flags\\aw.9cd612d6bfe4.gif", "flags/ax.gif": "flags\\ax.e9e38d887cec.gif", "flags/az.gif": "flags\\az.0a29d9df7f58.gif", "flags/ba.gif": "flags\\ba.3579e204a265.gif", "flags/bb.gif": "flags\\bb.e4f3ba9c46f8.gif", "flags/bd.gif": "flags\\bd.b44d2f6fc521.gif", "flags/be.gif": "flags\\be.cb4422def7c5.gif", "flags/bf.gif": "flags\\bf.b1deddf25222.gif", "flags/bg.gif": "flags\\bg.b949bc9d4924.gif", "flags/bh.gif": "flags\\bh.433d160ca9a2.gif", "flags/bi.gif": "flags\\bi.96d2f406b299.gif", "flags/bj.gif": "flags\\bj.5da111122470.gif", "flags/bl.gif": "flags\\bl.cc38d01b0b77.gif", "flags/bm.gif": "flags\\bm.2251c8d59a84.gif", "flags/bn.gif": "flags\\bn.18158d06207c.gif", "flags/bo.gif": "flags\\bo.19fede5d8ad7.gif", "flags/bq.gif": "flags\\bq.5dd38fec3fd2.gif", "flags/br.gif": "flags\\br.1f70016795f7.gif", "flags/bs.gif": "flags\\bs.161af238991b.gif", "flags/bt.gif": "flags\\bt.377214e5dde7.gif", "flags/bv.gif": "flags\\bv.64573479a6dd.gif", "flags/bw.gif": "flags\\bw.d187650ab99b.gif", "flags/by.gif": "flags\\by.60a0ee5d3b4c.gif", "flags/bz.gif": "flags\\bz.ded38f41d1b1.gif", "flags/ca.gif": "flags\\ca.7ec0faa264ab.gif", "flags/cc.gif": "flags\\cc.63cf96bd1f56.gif", "flags/cd.gif": "flags\\cd.75b3b4209e38.gif", "flags/cf.gif": "flags\\cf.746e77516c2c.gif", "flags/cg.gif": "flags\\cg.709d8c79da90.gif", "flags/ch.gif": "flags\\ch.62bcf6f0ae83.gif", "flags/ci.gif": "flags\\ci.edf214590cf1.gif", "flags/ck.gif": "flags\\ck.4e11b1657878.gif", "flags/cl.gif": "flags\\cl.73091a1bcc48.gif", "flags/cm.gif": "flags\\cm.1bd887da3380.gif", "flags/cn.gif": "flags\\cn.c0743571c0c8.gif", "flags/co.gif": "flags\\co.b3883a047522.gif", "flags/cr.gif": "flags\\cr.0e145e74f510.gif", "flags/cu.gif": "flags\\cu.b78e3045308c.gif", "flags/cv.gif": "flags\\cv.d484479b8825.gif", "flags/cw.gif": "flags\\cw.e5b5ff11ab40.gif", "flags/cx.gif": "flags\\cx.48c6dd01cb9d.gif", "flags/cy.gif": "flags\\cy.33a0874ba850.gif", "flags/cz.gif": "flags\\cz.6261c34be0c9.gif", "flags/de.gif": "flags\\de.1442c8e59c21.gif", "flags/dj.gif": "flags\\dj.46035480fca7.gif", "flags/dk.gif": "flags\\dk.fec226436019.gif", "flags/dm.gif": "flags\\dm.120fc1fb8d71.gif", "flags/do.gif": "flags\\do.5e9fd0b17d54.gif", "flags/dz.gif": "flags\\dz.09c61994b666.gif", "flags/ec.gif": "flags\\ec.1b8d3f640f91.gif", "flags/ee.gif": "flags\\ee.5753331d04a6.gif", "flags/eg.gif": "flags\\eg.25d9b8172c80.gif", "flags/eh.gif": "flags\\eh.ad12dd127da1.gif", "flags/er.gif": "flags\\er.bb11cc49e340.gif", "flags/es.gif": "flags\\es.9eaff86a7e54.gif", "flags/et.gif": "flags\\et.56f4fb6c5d87.gif", "flags/eu.gif": "flags\\eu.8624abcbf53e.gif", "flags/fi.gif": "flags\\fi.8b5471a6779e.gif", "flags/fj.gif": "flags\\fj.84912566a5c2.gif", "flags/fk.gif": "flags\\fk.fd92628544c6.gif", "flags/fm.gif": "flags\\fm.8173194628e5.gif", "flags/fo.gif": "flags\\fo.6f69850843a6.gif", "flags/fr.gif": "flags\\fr.cc38d01b0b77.gif", "flags/ga.gif": "flags\\ga.67d7529dd95f.gif", "flags/gb.gif": "flags\\gb.32c036d7cc31.gif", "flags/gd.gif": "flags\\gd.0c1388c87a69.gif", "flags/ge.gif": "flags\\ge.108a89070296.gif", "flags/gf.gif": "flags\\gf.cc38d01b0b77.gif", "flags/gg.gif": "flags\\gg.458e67ce6647.gif", "flags/gh.gif": "flags\\gh.ab939ba49d9e.gif", "flags/gi.gif": "flags\\gi.694aaefbd1da.gif", "flags/gl.gif": "flags\\gl.c08adbe02e04.gif", "flags/gm.gif": "flags\\gm.d195a67a65ed.gif", "flags/gn.gif": "flags\\gn.5a201a78198c.gif", "flags/gp.gif": "flags\\gp.851dd41f6bf3.gif", "flags/gq.gif": "flags\\gq.f6b91dcb6580.gif", "flags/gr.gif": "flags\\gr.5e4880cbbd3d.gif", "flags/gs.gif": "flags\\gs.14854be0ccca.gif", "flags/gt.gif": "flags\\gt.c2fb56b9a372.gif", "flags/gu.gif": "flags\\gu.08148a42998f.gif", "flags/gw.gif": "flags\\gw.d4620c7ae92d.gif", "flags/gy.gif": "flags\\gy.6d7613967cc7.gif", "flags/hk.gif": "flags\\hk.245d3b1fae01.gif", "flags/hm.gif": "flags\\hm.0abdbcb7285a.gif", "flags/hn.gif": "flags\\hn.68ed4e79861e.gif", "flags/hr.gif": "flags\\hr.0d96f100f95d.gif", "flags/ht.gif": "flags\\ht.6073f3f4989b.gif", "flags/hu.gif": "flags\\hu.f8e47e2e8d57.gif", "flags/id.gif": "flags\\id.41d36eb5fe1d.gif", "flags/ie.gif": "flags\\ie.e7c492a88776.gif", "flags/il.gif": "flags\\il.7bd989a25c90.gif", "flags/im.gif": "flags\\im.815ddcc7ed1e.gif", "flags/in.gif": "flags\\in.392d330eeff3.gif", "flags/io.gif": "flags\\io.9d4b7457bd6f.gif", "flags/iq.gif": "flags\\iq.ea33c5f18b75.gif", "flags/ir.gif": "flags\\ir.f682966ac7f2.gif", "flags/is.gif": "flags\\is.fcc9401b56f8.gif", "flags/it.gif": "flags\\it.272f76eb92ac.gif", "flags/je.gif": "flags\\je.efc202196b96.gif", "flags/jm.gif": "flags\\jm.d9ff5ffddf36.gif", "flags/jo.gif": "flags\\jo.20503d5b95e8.gif", "flags/jp.gif": "flags\\jp.7ecbbcf894e3.gif", "flags/ke.gif": "flags\\ke.10cbaba0b4e4.gif", "flags/kg.gif": "flags\\kg.ab377e5affbd.gif", "flags/kh.gif": "flags\\kh.099d6feffa4f.gif", "flags/ki.gif": "flags\\ki.5ffcce93d5db.gif", "flags/km.gif": "flags\\km.50a2866f05d5.gif", "flags/kn.gif": "flags\\kn.48e1cc273d63.gif", "flags/kp.gif": "flags\\kp.c0a5e85a3677.gif", "flags/kr.gif": "flags\\kr.471997fb1fbd.gif", "flags/kw.gif": "flags\\kw.25b5a9443882.gif", "flags/ky.gif": "flags\\ky.016d3547d02b.gif", "flags/kz.gif": "flags\\kz.8766a6d19ae3.gif", "flags/la.gif": "flags\\la.4a3362f438e0.gif", "flags/lb.gif": "flags\\lb.9228f190cc65.gif", "flags/lc.gif": "flags\\lc.773e5ac78bf9.gif", "flags/li.gif": "flags\\li.4afa04f825bd.gif", "flags/lk.gif": "flags\\lk.aa4d6ec6a7dd.gif", "flags/lr.gif": "flags\\lr.232c3da38420.gif", "flags/ls.gif": "flags\\ls.137b24d9ee39.gif", "flags/lt.gif": "flags\\lt.0da6d7733502.gif", "flags/lu.gif": "flags\\lu.a74d8a66092d.gif", "flags/lv.gif": "flags\\lv.2ddd68059746.gif", "flags/ly.gif": "flags\\ly.095fb94a74f0.gif", "flags/ma.gif": "flags\\ma.08a8042983a5.gif", "flags/mc.gif": "flags\\mc.b068df268d23.gif", "flags/md.gif": "flags\\md.db4dff847535.gif", "flags/me.gif": "flags\\me.bd3e333fb409.gif", "flags/mf.gif": "flags\\mf.cc38d01b0b77.gif", "flags/mg.gif": "flags\\mg.660bd44b6a51.gif", "flags/mh.gif": "flags\\mh.1349f33431a6.gif", "flags/mk.gif": "flags\\mk.c5719d1148f9.gif", "flags/ml.gif": "flags\\ml.6ce3f88f5249.gif", "flags/mm.gif": "flags\\mm.cd95400d023a.gif", "flags/mn.gif": "flags\\mn.29e7bd3daa12.gif", "flags/mo.gif": "flags\\mo.94cb5d5e8a6e.gif", "flags/mp.gif": "flags\\mp.b99443ad82b2.gif", "flags/mq.gif": "flags\\mq.efbaf0dc0f91.gif", "flags/mr.gif": "flags\\mr.7c0d73dfed03.gif", "flags/ms.gif": "flags\\ms.9f804915aeef.gif", "flags/mt.gif": "flags\\mt.ffacba7d4fd0.gif", "flags/mu.gif": "flags\\mu.24c98b52e2d5.gif", "flags/mv.gif": "flags\\mv.e00bb34355fc.gif", "flags/mw.gif": "flags\\mw.4c77f0826072.gif", "flags/mx.gif": "flags\\mx.2ea63d65755d.gif", "flags/my.gif": "flags\\my.3f7c82ace547.gif", "flags/mz.gif": "flags\\mz.87beb7b0344f.gif", "flags/na.gif": "flags\\na.bf24d7155fe0.gif", "flags/nc.gif": "flags\\nc.0a65acb035b5.gif", "flags/ne.gif": "flags\\ne.6d6eb481a7f8.gif", "flags/nf.gif": "flags\\nf.3b470dffd0ad.gif", "flags/ng.gif": "flags\\ng.8fc7c599d50c.gif", "flags/ni.gif": "flags\\ni.3d1e3a08086d.gif", "flags/nl.gif": "flags\\nl.f486b11fa018.gif", "flags/no.gif": "flags\\no.64573479a6dd.gif", "flags/np.gif": "flags\\np.41eee5d34c0c.gif", "flags/nr.gif": "flags\\nr.dddebee17eff.gif", "flags/nu.gif": "flags\\nu.e1211050c85e.gif", "flags/nz.gif": "flags\\nz.4255f2cd8812.gif", "flags/om.gif": "flags\\om.04dcfb8171a5.gif", "flags/pa.gif": "flags\\pa.69797cf8ed3f.gif", "flags/pe.gif": "flags\\pe.aaa0c189a6dd.gif", "flags/pf.gif": "flags\\pf.5e9f8299ea6f.gif", "flags/pg.gif": "flags\\pg.deae3a7f0bc2.gif", "flags/ph.gif": "flags\\ph.3af3ee6535fb.gif", "flags/pk.gif": "flags\\pk.8a95bcf491e3.gif", "flags/pl.gif": "flags\\pl.6245076262f2.gif", "flags/pm.gif": "flags\\pm.ae18daf5435d.gif", "flags/pn.gif": "flags\\pn.5060b3f5e938.gif", "flags/pr.gif": "flags\\pr.c29086c06818.gif", "flags/ps.gif": "flags\\ps.e0338f25a9a5.gif", "flags/pt.gif": "flags\\pt.4b6e9badf138.gif", "flags/pw.gif": "flags\\pw.6e5bf78dc247.gif", "flags/py.gif": "flags\\py.d09da9d82428.gif", "flags/qa.gif": "flags\\qa.05146056eb5b.gif", "flags/re.gif": "flags\\re.cc38d01b0b77.gif", "flags/ro.gif": "flags\\ro.259cdd2830fb.gif", "flags/rs.gif": "flags\\rs.5adcb14b100e.gif", "flags/ru.gif": "flags\\ru.80bb1aad834b.gif", "flags/rw.gif": "flags\\rw.0238b3b86faf.gif", "flags/sa.gif": "flags\\sa.408682e473d1.gif", "flags/sb.gif": "flags\\sb.8d65fda1a6ec.gif", "flags/sc.gif": "flags\\sc.e12a3dcf77e5.gif", "flags/sd.gif": "flags\\sd.8afa6ab50c28.gif", "flags/se.gif": "flags\\se.c951ddcf9a70.gif", "flags/sg.gif": "flags\\sg.aaf73b65424e.gif", "flags/sh.gif": "flags\\sh.b322d64bb20e.gif", "flags/si.gif": "flags\\si.a6a0982d349b.gif", "flags/sj.gif": "flags\\sj.64573479a6dd.gif", "flags/sk.gif": "flags\\sk.4c2daf827e33.gif", "flags/sl.gif": "flags\\sl.3e17dfb7e63c.gif", "flags/sm.gif": "flags\\sm.3c69009ca2af.gif", "flags/sn.gif": "flags\\sn.fa7ebae212ec.gif", "flags/so.gif": "flags\\so.1b40a082128c.gif", "flags/sprite-hq.css": "flags/sprite-hq.ad84e2f08114.css", "flags/sprite-hq.png": "flags\\sprite-hq.aa2e7b809aea.png", "flags/sprite.css": "flags/sprite.5b4ce04eed2e.css", "flags/sprite.png": "flags\\sprite.2a96622653c0.png", "flags/sr.gif": "flags\\sr.7b28f61567ae.gif", "flags/ss.gif": "flags\\ss.eaef7adaa1ff.gif", "flags/st.gif": "flags\\st.293906fbd536.gif", "flags/sv.gif": "flags\\sv.9d7a1b71f1e6.gif", "flags/sx.gif": "flags\\sx.632b3578570e.gif", "flags/sy.gif": "flags\\sy.f14d29def381.gif", "flags/sz.gif": "flags\\sz.71359f3eae96.gif", "flags/tc.gif": "flags\\tc.7ca5c3658786.gif", "flags/td.gif": "flags\\td.da71938c1ec4.gif", "flags/tf.gif": "flags\\tf.2eb504787312.gif", "flags/tg.gif": "flags\\tg.4a25c19f512b.gif", "flags/th.gif": "flags\\th.bf34a6344659.gif", "flags/tj.gif": "flags\\tj.d700249ce655.gif", "flags/tk.gif": "flags\\tk.99c60c95b3eb.gif", "flags/tl.gif": "flags\\tl.147365e8b9f4.gif", "flags/tm.gif": "flags\\tm.8d00d9654977.gif", "flags/tn.gif": "flags\\tn.7e1d85248807.gif", "flags/to.gif": "flags\\to.2c4bd91ac73f.gif", "flags/tr.gif": "flags\\tr.2f25fd64f154.gif", "flags/tt.gif": "flags\\tt.b26ad23569d4.gif", "flags/tv.gif": "flags\\tv.1a978d01b929.gif", "flags/tw.gif": "flags\\tw.f438b6068579.gif", "flags/tz.gif": "flags\\tz.c786fe60d811.gif", "flags/ua.gif": "flags\\ua.143a027b825f.gif", "flags/ug.gif": "flags\\ug.40760e602152.gif", "flags/um.gif": "flags\\um.fddfca5cc55b.gif", "flags/us.gif": "flags\\us.fed422127dda.gif", "flags/uy.gif": "flags\\uy.df3b862d3828.gif", "flags/uz.gif": "flags\\uz.51d823794c21.gif", "flags/va.gif": "flags\\va.3c9cd55c869d.gif", "flags/vc.gif": "flags\\vc.480d5d422271.gif", "flags/ve.gif": "flags\\ve.9bfe7614a926.gif", "flags/vg.gif": "flags\\vg.30e51c255019.gif", "flags/vi.gif": "flags\\vi.0137fa3fa348.gif", "flags/vn.gif": "flags\\vn.edc00f51f328.gif", "flags/vu.gif": "flags\\vu.3e56145d26e3.gif", "flags/wf.gif": "flags\\wf.c014729503c2.gif", "flags/ws.gif": "flags\\ws.803361b74a92.gif", "flags/xk.gif": "flags\\xk.8e2f427fedb0.gif", "flags/ye.gif": "flags\\ye.753025e66179.gif", "flags/yt.gif": "flags\\yt.b6e462029aa4.gif", "flags/za.gif": "flags\\za.321a6e422423.gif", "flags/zm.gif": "flags\\zm.7db3fd90783c.gif", "flags/zw.gif": "flags\\zw.4312bb086ef6.gif", "flags/__.gif": "flags\\__.3e5d99b5dd7b.gif"}, "version": "1.0"}